epoch,time,train/box_loss,train/cls_loss,train/dfl_loss,metrics/precision(B),metrics/recall(B),metrics/mAP50(B),metrics/mAP50-95(B),val/box_loss,val/cls_loss,val/dfl_loss,lr/pg0,lr/pg1,lr/pg2
1,6.85193,2.8144,4.24264,1.31873,0,0,0,0,3.32635,4.09436,1.44253,0,0,0
2,12.3081,3.02254,4.23651,1.28101,0,0,0,0,3.21862,4.08291,1.39988,1.6505e-05,1.6505e-05,1.6505e-05
3,17.342,2.92065,4.23817,1.26906,0,0,0,0,3.06977,4.06238,1.34847,3.26799e-05,3.26799e-05,3.26799e-05
4,22.1624,2.80938,4.13293,1.30113,0,0,0,0,2.96351,4.04295,1.30587,4.85247e-05,4.85247e-05,4.85247e-05
5,27.2209,2.73316,4.08134,1.20127,0.00215,0.01962,0.0011,0.00046,2.77264,3.97256,1.21951,6.40395e-05,6.40395e-05,6.40395e-05
6,32.2089,2.52546,4.01108,1.19533,0.01087,0.09962,0.0064,0.00206,2.58551,3.94091,1.15705,7.92242e-05,7.92242e-05,7.92242e-05
7,37.3166,2.59779,3.89816,1.11979,0.01976,0.20885,0.01328,0.0045,2.45603,3.89652,1.1161,9.40788e-05,9.40788e-05,9.40788e-05
8,42.4427,2.40577,3.72885,1.09926,0.03194,0.36212,0.02406,0.0075,2.36547,3.85763,1.08561,0.000108603,0.000108603,0.000108603
9,47.2955,2.1804,3.58838,1.03946,0.0433,0.47385,0.03467,0.01106,2.28342,3.82225,1.05753,0.000122798,0.000122798,0.000122798
10,52.1525,2.28991,3.4046,1.08447,0.05063,0.54712,0.04211,0.01309,2.27277,3.80127,1.0432,0.000136662,0.000136662,0.000136662
11,57.0338,2.3154,3.16367,1.08911,0.05731,0.62635,0.04843,0.01574,2.20293,3.75775,1.02351,0.000150197,0.000150197,0.000150197
12,61.9799,2.45931,3.00763,1.06864,0.0612,0.65,0.0512,0.01731,2.16281,3.72508,1.01215,0.000163401,0.000163401,0.000163401
13,67.0726,2.45352,2.74612,1.0264,0.05398,0.57635,0.04275,0.01413,2.14323,3.7009,1.00388,0.000176275,0.000176275,0.000176275
14,72.0768,2.23959,2.48325,0.99473,0.05323,0.55077,0.04126,0.013,2.16814,3.67352,1.00638,0.000188819,0.000188819,0.000188819
15,77.0672,2.2145,2.30534,0.96501,0.0564,0.58519,0.04474,0.01542,2.18987,3.59915,0.9949,0.000201034,0.000201034,0.000201034
16,81.8882,2.20383,2.16235,0.99372,0.07314,0.73096,0.1607,0.05327,2.16091,3.50145,0.98279,0.000212918,0.000212918,0.000212918
17,86.9866,2.30737,2.17676,0.97212,0.07759,0.76981,0.25109,0.08909,2.16527,3.41198,0.97908,0.000224472,0.000224472,0.000224472
18,92.137,2.26122,2.03406,0.96436,0.07759,0.76981,0.25109,0.08909,2.16527,3.41198,0.97908,0.000235695,0.000235695,0.000235695
19,97.2185,2.20258,1.92519,1.01015,0.08171,0.80904,0.38358,0.125,2.18861,3.33116,0.98334,0.000246589,0.000246589,0.000246589
20,102.084,2.13734,1.83831,0.99024,0.08171,0.80904,0.38358,0.125,2.18861,3.33116,0.98334,0.000257153,0.000257153,0.000257153
21,107.432,2.20346,1.89557,0.95813,0.08711,0.8575,0.50318,0.15614,2.12856,3.25758,0.97786,0.000267387,0.000267387,0.000267387
22,112.365,2.12796,1.70863,0.9791,0.08711,0.8575,0.50318,0.15614,2.12856,3.25758,0.97786,0.00027729,0.00027729,0.00027729
23,117.33,1.99957,1.66814,0.95991,0.09134,0.90154,0.59568,0.19396,2.07691,3.16484,0.96898,0.000286864,0.000286864,0.000286864
24,122.1,2.02742,1.55576,0.99102,0.09134,0.90154,0.59568,0.19396,2.07691,3.16484,0.96898,0.000296108,0.000296108,0.000296108
25,127.114,2.13442,1.67308,0.98603,0.09043,0.88596,0.62564,0.19389,2.09224,3.09023,0.97551,0.000305021,0.000305021,0.000305021
26,132.021,2.13375,1.48631,1.01605,0.09043,0.88596,0.62564,0.19389,2.09224,3.09023,0.97551,0.000313604,0.000313604,0.000313604
27,137.005,2.23765,1.56353,0.97806,0.08584,0.83115,0.57528,0.1574,2.13525,3.02858,0.99004,0.000321858,0.000321858,0.000321858
28,141.787,2.00257,1.3831,0.99028,0.08584,0.83115,0.57528,0.1574,2.13525,3.02858,0.99004,0.000329781,0.000329781,0.000329781
29,146.851,2.14175,1.42306,0.98,0.08361,0.81115,0.56126,0.13778,2.15388,2.96108,1.00334,0.000337374,0.000337374,0.000337374
30,151.737,2.04885,1.41465,1.00215,0.08361,0.81115,0.56126,0.13778,2.15388,2.96108,1.00334,0.000344637,0.000344637,0.000344637
31,156.784,2.18068,1.35785,0.96557,0.08003,0.77635,0.53693,0.12725,2.20767,2.88519,1.02504,0.00035157,0.00035157,0.00035157
32,161.625,1.91672,1.28824,0.96205,0.08003,0.77635,0.53693,0.12725,2.20767,2.88519,1.02504,0.000358173,0.000358173,0.000358173
33,166.474,2.03056,1.27205,0.95994,0.08181,0.80115,0.57943,0.15161,2.20438,2.76931,1.02895,0.000364446,0.000364446,0.000364446
34,171.348,2.00858,1.25795,0.98982,0.08181,0.80115,0.57943,0.15161,2.20438,2.76931,1.02895,0.000370389,0.000370389,0.000370389
35,176.112,1.95206,1.27124,0.95669,0.08938,0.88558,0.73385,0.23794,2.07544,2.61367,1.00576,0.000376002,0.000376002,0.000376002
36,181.048,1.93395,1.18859,0.97124,0.08938,0.88558,0.73385,0.23794,2.07544,2.61367,1.00576,0.000381285,0.000381285,0.000381285
37,185.961,1.94358,1.33805,0.98148,0.09225,0.92077,0.75133,0.28909,1.97766,2.51229,0.98837,0.000386237,0.000386237,0.000386237
38,190.728,2.0381,1.35907,0.97707,0.09225,0.92077,0.75133,0.28909,1.97766,2.51229,0.98837,0.00039086,0.00039086,0.00039086
39,195.69,1.95277,1.21668,0.96826,0.09389,0.94077,0.75263,0.29233,1.99144,2.45092,0.98688,0.000395152,0.000395152,0.000395152
40,200.482,1.8653,1.16546,0.96483,0.09389,0.94077,0.75263,0.29233,1.99144,2.45092,0.98688,0.000399115,0.000399115,0.000399115
41,205.263,1.87079,1.19648,0.96187,0.09361,0.93558,0.79503,0.31673,1.97925,2.4162,0.98254,0.000402747,0.000402747,0.000402747
42,209.968,1.86439,1.1798,0.98887,0.09361,0.93558,0.79503,0.31673,1.97925,2.4162,0.98254,0.00040605,0.00040605,0.00040605
43,214.812,1.83847,1.18486,0.96829,0.09471,0.95077,0.84138,0.34745,1.97911,2.37735,0.97982,0.000409022,0.000409022,0.000409022
44,219.589,1.8632,1.1252,0.96996,0.09471,0.95077,0.84138,0.34745,1.97911,2.37735,0.97982,0.000411664,0.000411664,0.000411664
45,224.616,2.04564,1.2546,0.98365,0.09677,0.97038,0.86128,0.33429,1.98397,2.36229,0.98271,0.000413976,0.000413976,0.000413976
46,229.373,1.90829,1.13292,0.95427,0.09677,0.97038,0.86128,0.33429,1.98397,2.36229,0.98271,0.000415958,0.000415958,0.000415958
47,234.347,2.00575,1.15507,0.94762,0.09863,0.99038,0.82046,0.2801,2.04219,2.38577,0.99355,0.00041761,0.00041761,0.00041761
48,239.157,1.86198,1.2013,0.98048,0.09863,0.99038,0.82046,0.2801,2.04219,2.38577,0.99355,0.000418932,0.000418932,0.000418932
49,243.962,1.91482,1.20952,0.93873,0.60601,0.85619,0.8032,0.274,2.02706,2.34148,0.99379,0.000419924,0.000419924,0.000419924
50,248.776,1.89912,1.18136,0.94233,0.60601,0.85619,0.8032,0.274,2.02706,2.34148,0.99379,0.000420586,0.000420586,0.000420586
51,253.598,1.82732,1.09614,0.94471,0.93523,0.5927,0.84584,0.32517,1.94571,2.22375,0.98032,0.000420918,0.000420918,0.000420918
52,258.56,1.87221,1.09763,0.94869,0.93523,0.5927,0.84584,0.32517,1.94571,2.22375,0.98032,0.000420919,0.000420919,0.000420919
53,263.561,1.87497,1.0895,0.93694,0.93523,0.5927,0.84584,0.32517,1.94571,2.22375,0.98032,0.000420591,0.000420591,0.000420591
54,268.401,1.86564,1.09664,0.99616,0.97369,0.37687,0.90461,0.36955,1.94337,2.05947,0.97351,0.000419932,0.000419932,0.000419932
55,273.287,1.81304,1.02525,0.95384,0.97369,0.37687,0.90461,0.36955,1.94337,2.05947,0.97351,0.000418944,0.000418944,0.000418944
56,278.047,2.00028,1.06127,0.9643,0.97369,0.37687,0.90461,0.36955,1.94337,2.05947,0.97351,0.000417625,0.000417625,0.000417625
57,283.059,1.80841,1.01479,0.96003,0.97406,0.46654,0.92046,0.38258,1.94503,1.93076,0.97683,0.000415977,0.000415977,0.000415977
58,287.935,1.87448,1.02043,0.94865,0.97406,0.46654,0.92046,0.38258,1.94503,1.93076,0.97683,0.000413998,0.000413998,0.000413998
59,292.597,1.80699,0.99997,0.95662,0.97406,0.46654,0.92046,0.38258,1.94503,1.93076,0.97683,0.000411689,0.000411689,0.000411689
60,297.578,1.85789,1.03042,0.96293,0.97558,0.51546,0.92651,0.39477,1.91097,1.83174,0.97184,0.00040905,0.00040905,0.00040905
61,302.82,1.81517,1.02622,0.9695,0.97558,0.51546,0.92651,0.39477,1.91097,1.83174,0.97184,0.000406081,0.000406081,0.000406081
62,307.75,1.81615,1.03629,0.94986,0.97558,0.51546,0.92651,0.39477,1.91097,1.83174,0.97184,0.000402782,0.000402782,0.000402782
63,312.759,1.78298,0.99827,0.97028,0.97628,0.59672,0.9445,0.38694,1.93175,1.77857,0.97741,0.000399153,0.000399153,0.000399153
64,317.685,1.79728,1.02653,0.91466,0.97628,0.59672,0.9445,0.38694,1.93175,1.77857,0.97741,0.000395194,0.000395194,0.000395194
65,322.725,1.80384,0.98742,0.94836,0.97628,0.59672,0.9445,0.38694,1.93175,1.77857,0.97741,0.000390905,0.000390905,0.000390905
66,327.704,1.7892,1.01091,0.93451,0.97667,0.65249,0.95384,0.36082,2.00205,1.75645,0.99203,0.000386286,0.000386286,0.000386286
67,332.637,1.84595,0.99298,0.92698,0.97667,0.65249,0.95384,0.36082,2.00205,1.75645,0.99203,0.000381336,0.000381336,0.000381336
68,337.593,1.82114,1.05749,0.93861,0.97667,0.65249,0.95384,0.36082,2.00205,1.75645,0.99203,0.000376057,0.000376057,0.000376057
69,342.444,1.85532,1.00463,0.94074,0.96565,0.68292,0.94264,0.35414,2.02624,1.73781,0.99326,0.000370447,0.000370447,0.000370447
70,347.367,1.87119,1.07039,0.97493,0.96565,0.68292,0.94264,0.35414,2.02624,1.73781,0.99326,0.000364508,0.000364508,0.000364508
71,352.446,1.76022,1.00292,0.92557,0.96565,0.68292,0.94264,0.35414,2.02624,1.73781,0.99326,0.000358238,0.000358238,0.000358238
72,357.765,1.81051,0.96689,0.94217,0.93457,0.69269,0.93452,0.37515,2.00261,1.69451,0.98496,0.000351639,0.000351639,0.000351639
73,362.765,1.81159,0.96908,0.94346,0.93457,0.69269,0.93452,0.37515,2.00261,1.69451,0.98496,0.000344709,0.000344709,0.000344709
74,368.135,1.85474,0.9775,0.95798,0.93457,0.69269,0.93452,0.37515,2.00261,1.69451,0.98496,0.000337449,0.000337449,0.000337449
75,373.386,1.83523,0.99411,0.93602,0.93853,0.72228,0.9392,0.39512,1.96653,1.65813,0.97553,0.000329859,0.000329859,0.000329859
76,378.995,1.75699,0.93825,0.91172,0.93853,0.72228,0.9392,0.39512,1.96653,1.65813,0.97553,0.000321939,0.000321939,0.000321939
77,384.102,1.86164,1.02548,0.95766,0.93853,0.72228,0.9392,0.39512,1.96653,1.65813,0.97553,0.000313689,0.000313689,0.000313689
78,388.857,1.76666,0.98497,0.92704,0.95179,0.78566,0.94597,0.39869,1.9607,1.62321,0.97357,0.000305109,0.000305109,0.000305109
79,393.635,1.8188,0.99994,0.92537,0.95179,0.78566,0.94597,0.39869,1.9607,1.62321,0.97357,0.000296199,0.000296199,0.000296199
80,398.519,1.80895,0.9988,0.92311,0.95179,0.78566,0.94597,0.39869,1.9607,1.62321,0.97357,0.000286959,0.000286959,0.000286959
81,403.66,1.78517,0.97078,0.92876,0.94752,0.79741,0.93713,0.3775,1.99614,1.60396,0.98206,0.000277389,0.000277389,0.000277389
82,408.496,1.79454,0.96865,0.96342,0.94752,0.79741,0.93713,0.3775,1.99614,1.60396,0.98206,0.000267488,0.000267488,0.000267488
83,413.59,1.7716,1.00203,0.91657,0.94752,0.79741,0.93713,0.3775,1.99614,1.60396,0.98206,0.000257258,0.000257258,0.000257258
84,418.414,1.7983,0.94875,0.95472,0.94113,0.82687,0.93613,0.37904,1.98666,1.5535,0.97993,0.000246698,0.000246698,0.000246698
85,423.217,1.82839,0.99229,0.97219,0.94113,0.82687,0.93613,0.37904,1.98666,1.5535,0.97993,0.000235807,0.000235807,0.000235807
86,427.961,1.81385,0.973,0.95359,0.94113,0.82687,0.93613,0.37904,1.98666,1.5535,0.97993,0.000224587,0.000224587,0.000224587
87,432.689,1.71194,0.93545,0.91616,0.94113,0.82687,0.93613,0.37904,1.98666,1.5535,0.97993,0.000213036,0.000213036,0.000213036
88,437.569,1.82459,0.97447,0.90685,0.93543,0.8361,0.93128,0.39934,1.9425,1.46496,0.97242,0.000201155,0.000201155,0.000201155
89,442.372,1.75302,0.96082,0.94213,0.93543,0.8361,0.93128,0.39934,1.9425,1.46496,0.97242,0.000188944,0.000188944,0.000188944
90,447.233,1.74772,1.00277,0.90861,0.93543,0.8361,0.93128,0.39934,1.9425,1.46496,0.97242,0.000176404,0.000176404,0.000176404
91,451.856,1.88238,1.08141,1.0039,0.93543,0.8361,0.93128,0.39934,1.9425,1.46496,0.97242,0.000163533,0.000163533,0.000163533
92,456.512,1.72629,1.20258,0.93545,0.92316,0.87172,0.92905,0.40702,1.9072,1.36334,0.96892,0.000150332,0.000150332,0.000150332
93,461.056,1.80018,1.14333,0.97552,0.92316,0.87172,0.92905,0.40702,1.9072,1.36334,0.96892,0.000136801,0.000136801,0.000136801
94,465.609,1.71274,1.06501,0.94566,0.92316,0.87172,0.92905,0.40702,1.9072,1.36334,0.96892,0.00012294,0.00012294,0.00012294
95,470.288,1.74793,1.03843,0.94596,0.92316,0.87172,0.92905,0.40702,1.9072,1.36334,0.96892,0.000108748,0.000108748,0.000108748
96,474.915,1.74969,1.07312,0.95108,0.92616,0.90577,0.9339,0.41406,1.90433,1.27369,0.96834,9.42272e-05,9.42272e-05,9.42272e-05
97,479.511,1.74992,1.1643,0.94584,0.92616,0.90577,0.9339,0.41406,1.90433,1.27369,0.96834,7.93759e-05,7.93759e-05,7.93759e-05
98,484.031,1.6592,0.98206,0.95058,0.92616,0.90577,0.9339,0.41406,1.90433,1.27369,0.96834,6.41945e-05,6.41945e-05,6.41945e-05
99,488.643,1.6961,1.00796,0.96038,0.92616,0.90577,0.9339,0.41406,1.90433,1.27369,0.96834,4.86831e-05,4.86831e-05,4.86831e-05
100,493.203,1.70268,1.0247,0.97097,0.92969,0.91441,0.93397,0.41402,1.90887,1.20045,0.96908,3.28416e-05,3.28416e-05,3.28416e-05
